Fold,R2 Score
1,0.3931716329074805
2,0.3582152711841584
3,0.5602712969602933
4,0.58052734448563
5,0.6108153509996698
Rata-rata,0.5006001793074464
